<?xml version="1.0" encoding="UTF-8" ?>
<!DOCTYPE mapper PUBLIC "-//mybatis.org//DTD Mapper 3.0//EN" "http://mybatis.org/dtd/mybatis-3-mapper.dtd" >
<mapper namespace="com.changyu.foryou.mapper.FoodMapper">
	<cache eviction="LRU" flushInterval="60000" size="512" readOnly="true"/>
	<resultMap id="BaseResultMap" type="com.changyu.foryou.model.Food"
		extends="SmallResultMap">
		<result column="grade" property="grade" jdbcType="REAL" />
		<result column="info" property="info" jdbcType="VARCHAR" />
		<result column="modify_time" property="modifyTime" jdbcType="TIMESTAMP" />
		<result column="status" property="status" jdbcType="SMALLINT" />
		<result column="food_flag" property="foodFlag" jdbcType="VARCHAR" />
		<result column="tag" property="tag" jdbcType="SMALLINT" />
		<result column="category_id" property="categoryId" jdbcType="INTEGER" />
		<result column="prime_cost" property="primeCost" jdbcType="REAL" />	
		<result column="to_home" property="toHome" jdbcType="SMALLINT"/>
		<result column="home_image" property="homeImage" jdbcType="VARCHAR"/>	
		<result column="is_full_discount" property="isFullDiscount" jdbcType="VARCHAR"/>	
	</resultMap>
	
	<resultMap type="com.changyu.foryou.model.ShortFoodWithIm" id="SmallWithImResultMap"
	extends="SmallResultMap">
	   <result column="info" property="info" jdbcType="VARCHAR" />
	   <result column="message" property="message" jdbcType="VARCHAR" />
	   <result column="grade" property="grade" jdbcType="SMALLINT" />
	   <result column="comment_count" property="commentNumber" jdbcType="INTEGER" />
	</resultMap>

	<resultMap id="SmallResultMap" type="com.changyu.foryou.model.ShortFood">
		<id column="food_id" property="foodId" jdbcType="BIGINT" />
		<result column="campus_id" property="campusId" jdbcType="INTEGER" />
		<result column="name" property="name" jdbcType="VARCHAR" />
		<result column="price" property="price" jdbcType="REAL" />
		<result column="discount_price" property="discountPrice"
			jdbcType="REAL" />
		<result column="img_url" property="imgUrl" jdbcType="VARCHAR" />
		<result column="is_discount" property="isDiscount" jdbcType="SMALLINT" />
		<result column="sale_number" property="saleNumber" jdbcType="BIGINT" />
		<result column="food_count" property="foodCount" jdbcType="INTEGER"/>
		<result column="is_full_discount" property="isFullDiscount" jdbcType="VARCHAR"/>	
	</resultMap>
	
	<resultMap type="com.changyu.foryou.model.VeryShortFood" id="VerySmallResultMap">
		<id column="food_id" property="foodId" jdbcType="BIGINT" />
		<result column="home_image" property="homeImgUrl" jdbcType="VARCHAR" />
	</resultMap>
	
	<resultMap type="com.changyu.foryou.model.FoodWithSales" id="FoodWithSalesResultMap">
		<id column="food_id" property="foodId" jdbcType="BIGINT"/>
		<result column="food_name" property="foodName" jdbcType="VARCHAR"/>
		<result column="sales" property="sales" jdbcType="INTEGER"/>
	</resultMap>

	<sql id="Base_Column_List">
		food_id,campus_id, name, price, discount_price, grade,
		img_url, info,
		modify_time,
		status,
		food_flag, tag, is_discount,
		category_id,
		prime_cost, sale_number,food_count,food.message as message,to_home,home_image,is_full_discount
	</sql>

	<sql id="Small_Column_List">
		food_id, campus_id,name, price, discount_price, img_url,
		is_discount,food_count,
		sale_number
	</sql>
	
	<sql id="Small_With_Im_Column_List">
		food_id, campus_id,name, price, discount_price, img_url,
		is_discount,food_count,
		sale_number,info,message,grade
	</sql>
	
	<sql id="Very_Small_Column_List">
	    food_id,home_image
    </sql>

	<select id="selectByPrimaryKey" resultMap="BaseResultMap">
		select
			food_id,campus_id, name, price, discount_price, grade,
		img_url, info,
		modify_time,
		status,
		food_flag, tag, is_discount,
		category_id,
		prime_cost, sale_number,food_count,food.message as message,to_home,home_image,is_full_discount
		from food
		where food_id = #{foodId,jdbcType=BIGINT}
		and
		campus_id=#{campusId,jdbcType=INTEGER}
		AND tag=1
	</select>

	<update id="deleteByPrimaryKey">
		update food
		set
		tag=0
		where food_id =
		#{foodId,jdbcType=BIGINT} and campus_id=#{campusId,jdbcType=INTEGER}
	</update>

	<insert id="insert" parameterType="com.changyu.foryou.model.Food">
		insert into food
		(food_id,campus_id,
		name, price,
		discount_price, grade, img_url,
		info,
		modify_time, status,
		food_flag, tag,
		is_discount, category_id,
		prime_cost,
		sale_number,food_count)
		values (#{foodId,jdbcType=BIGINT},
		#{campusId,jdbcType=INTEGER},
		#{name,jdbcType=VARCHAR},
		#{price,jdbcType=REAL},
		#{discountPrice,jdbcType=REAL},
		#{grade,jdbcType=REAL},
		#{imgUrl,jdbcType=VARCHAR},
		#{info,jdbcType=VARCHAR},
		#{modifyTime,jdbcType=TIMESTAMP},
		#{status,jdbcType=SMALLINT},
		#{foodFlag,jdbcType=VARCHAR},
		#{tag,jdbcType=SMALLINT},
		#{isDiscount,jdbcType=SMALLINT},
		#{categoryId,jdbcType=INTEGER},
		#{primeCost,jdbcType=REAL},
		#{saleNumber,jdbcType=BIGINT},
		#{foodCount,jdbcType=INTEGER})
	</insert>
	<insert id="insertSelective" parameterType="com.changyu.foryou.model.Food">
		insert into food
		<trim prefix="(" suffix=")" suffixOverrides=",">
			<if test="foodId != null">
				food_id,
			</if>
			<if test="campusId !=null">
				campus_id,
			</if>
			<if test="name != null">
				name,
			</if>
			<if test="price != null">
				price,
			</if>
			<if test="discountPrice != null">
				discount_price,
			</if>
			<if test="grade != null">
				grade,
			</if>
			<if test="imgUrl != null">
				img_url,
			</if>
			<if test="info != null">
				info,
			</if>
			<if test="modifyTime != null">
				modify_time,
			</if>
			<if test="status != null">
				status,
			</if>

			<if test="foodFlag != null">
				food_flag,
			</if>
			<if test="tag != null">
				tag,
			</if>
			<if test="isDiscount != null">
				is_discount,
			</if>
			<if test="categoryId != null">
				category_id,
			</if>
			<if test="primeCost != null">
				prime_cost,
			</if>
			<if test="saleNumber != null">
				sale_number,
			</if>
			<if test="foodCount != null">
			    food_count,
			</if>
			<if test="message != null">
			    message,
			</if>
		</trim>
		<trim prefix="values (" suffix=")" suffixOverrides=",">
			<if test="foodId != null">
				#{foodId,jdbcType=BIGINT},
			</if>
			<if test="campusId!=null">
				#{campusId,jdbcType=INTEGER},
			</if>
			<if test="name != null">
				#{name,jdbcType=VARCHAR},
			</if>
			<if test="price != null">
				#{price,jdbcType=REAL},
			</if>
			<if test="discountPrice != null">
				#{discountPrice,jdbcType=REAL},
			</if>
			<if test="grade != null">
				#{grade,jdbcType=REAL},
			</if>
			<if test="imgUrl != null">
				#{imgUrl,jdbcType=VARCHAR},
			</if>
			<if test="info != null">
				#{info,jdbcType=VARCHAR},
			</if>
			<if test="modifyTime != null">
				#{modifyTime,jdbcType=TIMESTAMP},
			</if>
			<if test="status != null">
				#{status,jdbcType=SMALLINT},
			</if>
			<if test="foodFlag != null">
				#{foodFlag,jdbcType=VARCHAR},
			</if>
			<if test="tag != null">
				#{tag,jdbcType=SMALLINT},
			</if>
			<if test="isDiscount != null">
				#{isDiscount,jdbcType=SMALLINT},
			</if>
			<if test="categoryId != null">
				#{categoryId,jdbcType=INTEGER},
			</if>
			<if test="primeCost != null">
				#{primeCost,jdbcType=REAL},
			</if>
			<if test="saleNumber != null">
				#{saleNumber,jdbcType=BIGINT},
			</if>
			<if test="foodCount != null">
			    #{foodCount,jdbcType=INTEGER},
			</if>
			<if test="message != null">
			    #{message,jdbcType=VARCHAR},
			</if>
		</trim>
	</insert>
	<update id="updateByPrimaryKeySelective" parameterType="com.changyu.foryou.model.Food">
		update food
		<set>
		    <if test="isFullDiscount != null">
		        is_full_discount=#{isFullDiscount,jdbcType=SMALLINT},
		    </if>
		    <if test="message != null">
		        message=#{message,jdbcType=VARCHAR},
		    </if>
			<if test="name != null">
				name = #{name,jdbcType=VARCHAR},
			</if>
			<if test="price != null">
				price = #{price,jdbcType=REAL},
			</if>
			<if test="discountPrice != null">
				discount_price = #{discountPrice,jdbcType=REAL},
			</if>
			<if test="grade != null">
				grade = #{grade,jdbcType=REAL},
			</if>
			<if test="imgUrl != null">
				img_url = #{imgUrl,jdbcType=VARCHAR},
			</if>
			<if test="info != null">
				info = #{info,jdbcType=VARCHAR},
			</if>
			<if test="modifyTime != null">
				modify_time = #{modifyTime,jdbcType=TIMESTAMP},
			</if>
			<if test="status != null">
				status = #{status,jdbcType=SMALLINT},
			</if>
			<if test="foodFlag != null">
				food_flag = #{foodFlag,jdbcType=VARCHAR},
			</if>
			<if test="tag != null">
				tag = #{tag,jdbcType=SMALLINT},
			</if>
			<if test="isDiscount != null">
				is_discount = #{isDiscount,jdbcType=SMALLINT},
			</if>
			<if test="categoryId != null">
				category_id = #{categoryId,jdbcType=INTEGER},
			</if>
			<if test="primeCost != null">
				prime_cost = #{primeCost,jdbcType=REAL},
			</if>
			<if test="saleNumber != null">
				sale_number = #{saleNumber,jdbcType=BIGINT},
			</if>
			<if test="foodCount != null">
				food_count=#{foodCount,jdbcType=INTEGER},
			</if>
		</set>
		where food_id = #{foodId,jdbcType=BIGINT} and
		campus_id=#{campusId,jdbcType=INTEGER}
	</update>
	<update id="updateByPrimaryKey" parameterType="com.changyu.foryou.model.Food">
		update food
		set
		food_count=#{foodCount,jdbcType=INTEGER},
		name = #{name,jdbcType=VARCHAR},
		price = #{price,jdbcType=REAL},
		discount_price = #{discountPrice,jdbcType=REAL},
		grade =
		#{grade,jdbcType=REAL},
		img_url = #{imgUrl,jdbcType=VARCHAR},
		info =
		#{info,jdbcType=VARCHAR},
		modify_time =
		#{modifyTime,jdbcType=TIMESTAMP},
		status = #{status,jdbcType=SMALLINT},
		food_flag =
		#{foodFlag,jdbcType=VARCHAR},
		tag =
		#{tag,jdbcType=SMALLINT},
		is_discount =
		#{isDiscount,jdbcType=SMALLINT},
		category_id =
		#{categoryId,jdbcType=INTEGER},
		prime_cost =
		#{primeCost,jdbcType=REAL},
		sale_number = #{saleNumber,jdbcType=BIGINT}
		where food_id = #{foodId,jdbcType=BIGINT} and tag=1 and
		campus_id=#{campusId,jdbcType=INTEGER}
	</update>

	<!-- 根据分类id，一个商品标签，做模糊查询 -->
	<select id="selectFoods" resultMap="SmallWithImResultMap">
	   <if test="foodTag!=null">
	   		<bind name="tagPattern" value="'%' + foodTag + '%'" />
	   </if>
		select
	    food.food_id, food.campus_id,name, price, discount_price, img_url,
		is_discount,food_count,
		sale_number,info,message,food.grade,is_full_discount
		from food
		<where>
			food.tag=1 and food.campus_id=#{campusId,jdbcType=INTEGER}
			<if test="categoryId!=null">
				and category_id = #{categoryId,jdbcType=BIGINT}
			</if>
			<if test="foodTag!=null">
				AND (food_flag like #{tagPattern}
				OR name
				like
				#{tagPattern})
			</if>
		</where>
		<!-- group by food.food_id -->
		<choose>
			<when test="sortId==1">
				ORDER BY sale_number DESC
			</when>
			<when test="sortId==2"> ORDER BY case when is_discount=1 then discount_price else price END ASC
			</when>
			<otherwise>
				ORDER BY modify_time DESC
			</otherwise>
		</choose>
		<if test="limit !=null and offset !=null">
			LIMIT #{limit,jdbcType=INTEGER} OFFSET
			#{offset,jdbcType=INTEGER}
		</if>

	</select>


	<!-- 根据分类id，两个商品标签，做模糊查询 -->
	<select id="selectFoodsByTwoTags" resultMap="SmallWithImResultMap">
		<bind name="oneFlagPattern" value="'%' + oneFlag + '%'" />
		<bind name="twoFlagPattern" value="'%' + twoFlag + '%'" />
		select
	    food.food_id, food.campus_id,name, price, discount_price, img_url,
		is_discount,food_count,
		sale_number,info,message,food.grade
		from food,food_comment
		<where>
			food.tag=1 and food.campus_id=#{campusId,jdbcType=INTEGER}
			and food.food_id=food_comment.food_id 
			and food.campus_id=food_comment.campus_id
			<if test="categoryId!=null">
				and category_id = #{categoryId,jdbcType=BIGINT}
			</if>
			<if test="oneFlag!=null">
				and ( ( food_flag LIKE #{oneFlagPattern} OR
				food_flag LIKE
				#{twoFlagPattern}
				) OR ( name LIKE
				#{oneFlagPattern} OR name LIKE
				#{twoFlagPattern}
				) )
			</if>
		</where>
		group by food.food_id
		<choose>
			<when test="sortId==1">
				ORDER BY sale_number DESC
			</when>
			<when test="sortId==2"> ORDER BY price ASC
			</when>
			<otherwise>
				ORDER BY modify_time DESC
			</otherwise>
		</choose>
		<if test="limit !=null and offset !=null">
			LIMIT #{limit,jdbcType=INTEGER} OFFSET
			#{offset,jdbcType=INTEGER}
		</if>
	</select>

	<!-- 更新销量 ，只做增操作 -->
	<update id="changeFoodNumber">
		update food
		set
		sale_number =
		sale_number+#{orderCount,jdbcType=INTEGER},
		food_count=food_count-#{orderCount,jdbcType=INTEGER}
		where food_id =
		#{foodId,jdbcType=BIGINT} and campus_id=#{campusId,jdbcType=INTEGER}
	</update>
	<select id="getAllFoods" resultMap="BaseResultMap" useCache="false">
		select
		<include refid="Base_Column_List" />
		from food
		where tag=1 and campus_id=#{campusId,jdbcType=INTEGER}
		order
		by food_id
	</select>

	<select id="getFoodListDiscount" resultMap="SmallResultMap">
		select
		<include refid="Small_Column_List" />
		from food
		where is_discount = 1 and tag=1 and
		campus_id=#{campusId,jdbcType=INTEGER}
		order by modify_time
		DESC,discount_price ASC
		<if test="limit !=null and offset !=null">
			LIMIT #{limit,jdbcType=INTEGER} OFFSET
			#{offset,jdbcType=INTEGER}
		</if>
	</select>

	<select id="getFoodListFresh" resultMap="SmallResultMap">
		select
		<include refid="Small_Column_List" />
		from food
		where
		tag=1 and campus_id=#{campusId,jdbcType=INTEGER}
		order by
		modify_time DESC
		<if test="limit !=null and offset !=null">
			LIMIT #{limit,jdbcType=INTEGER} OFFSET
			#{offset,jdbcType=INTEGER}
		</if>
	</select>

	<select id="getFoodListWelcome" resultMap="SmallResultMap">
		select
		<include refid="Small_Column_List" />
		from food
		where
		tag=1 and campus_id=#{campusId,jdbcType=INTEGER}
		order by
		sale_number DESC
		<if test="limit !=null and offset !=null">
			LIMIT #{limit,jdbcType=INTEGER} OFFSET
			#{offset,jdbcType=INTEGER}
		</if>
	</select>
	
	<select id="selectHomeFood" resultMap="VerySmallResultMap">
	   select
	   <include refid="Very_Small_Column_List" />
	   from food
	   where to_home=1 and campus_id=#{campusId,jdbcType=INTEGER} and tag=1 and home_image is not null
	   <if test="limit !=null and offset !=null">
			LIMIT #{limit,jdbcType=INTEGER} OFFSET
			#{offset,jdbcType=INTEGER}
		</if>
	   
	</select>

    <update id="uploadHomeFoodByFoodId">
		update food set
		   to_home=#{toHome, jdbcType=SMALLINT}
		<if test="homeImage != null">
		, home_image=#{homeImage, jdbcType=VARCHAR}
		</if>
		where food_id=#{foodId, jdbcType=BIGINT} and campus_id=#{campusId,jdbcType=INTEGER}
	</update>

	<update id="updateInfoByFoodId">
		update food set 
		<if test="info != null">
			info=#{info, jdbcType=VARCHAR}
		</if>
		where food_id=#{foodId, jdbcType=BIGINT} and campus_id=#{campusId,jdbcType=INTEGER}
	</update>
	
	<update id="cancelRecommend">
		update food set	
			to_home=#{toHome, jdbcType=SMALLINT}
		where food_id=#{foodId, jdbcType=BIGINT} and campus_id=#{campusId,jdbcType=INTEGER}
	</update>
	
	<select id="getTopFive" resultMap="FoodWithSalesResultMap">
		SELECT orders.food_id,food.name as food_name,SUM(orders.order_count) as sales from orders,food
		<where>
		  orders.food_id=food.food_id and orders.campus_id=#{campusId,jdbcType=INTEGER}
		<if test="dateStart!=null">
			AND together_date BETWEEN #{dateStart,jdbcType=TIMESTAMP}
		</if>
		<if test="dateEnd!=null">
			AND #{dateEnd,jdbcType=TIMESTAMP}
		</if>
		</where>
		GROUP BY food_id ORDER BY SUM(order_count) DESC
		<if test="limit != null and offset != null">
		limit #{offset,jdbcType=INTEGER},#{limit,jdbcType=INTEGER}
		</if>
	</select>
	
	<update id="addFoodCountById">
	    update food set food_count=#{foodCount,jdbcType=INTEGER} where campus_id=#{campusId,jdbcType=INTEGER} and food_id=#{foodId,jdbcType=BIGINT}
	</update>
	
	<update id="addFoodCount">
		UPDATE food
		SET food_count = food_count + #{addCount,jdbcType=INTEGER}
		<where>
		campus_id=#{campusId,jdbcType=INTEGER}
		<if test="foodId!=null">
		and food_id=#{foodId,jdbcType=BIGINT}	
		</if>
		</where>
	</update>
	
	<select id="getFoodHomeImage" resultType="String">
	  select
	     home_image
	  from food
	  where
	    campus_id=#{campusId,jdbcType=INTEGER} and food_id=#{foodId,jdbcType=BIGINT}	
	  limit 1
	</select>
	
	<select id="getDetailImg" resultType="String">
	  select
	     info
	  from food
	  where
	    campus_id=#{campusId,jdbcType=INTEGER} and food_id=#{foodId,jdbcType=BIGINT}	
	  limit 1
	</select>
</mapper>