<?xml version="1.0" encoding="UTF-8" ?>
<!DOCTYPE mapper PUBLIC "-//mybatis.org//DTD Mapper 3.0//EN" "http://mybatis.org/dtd/mybatis-3-mapper.dtd" >
<mapper namespace="com.changyu.foryou.mapper.HotSearchMapper" >
  <cache eviction="LRU" flushInterval="60000" size="512" readOnly="true" />
  <resultMap id="BaseResultMap" type="com.changyu.foryou.model.HotSearch" >
    <id column="hot_id" property="hotId" jdbcType="INTEGER" />
    <result column="display_name" property="displayName" jdbcType="VARCHAR" />
    <result column="search_tag" property="searchTag" jdbcType="VARCHAR" />
    <result column="create_time" property="createTime" jdbcType="BIGINT" />
    <result column="is_display" property="isDisplay" jdbcType="TINYINT" />
    <result column="campus_id" property="campusId" jdbcType="INTEGER" />
  </resultMap>
  <sql id="Base_Column_List" >
    hot_id, display_name, search_tag, create_time, is_display, campus_id
  </sql>
  <select id="selectByPrimaryKey" resultMap="BaseResultMap" parameterType="java.lang.Short" >
    select 
    <include refid="Base_Column_List" />
    from hot_search
    where hot_id = #{hotId,jdbcType=INTEGER}
  </select>
  <delete id="deleteByPrimaryKey" parameterType="java.lang.Integer" >
    delete from hot_search
    where hot_id = #{hotId,jdbcType=INTEGER}
  </delete>
  <insert id="insert" parameterType="com.changyu.foryou.model.HotSearch" >
    insert into hot_search (hot_id, display_name, search_tag, 
      create_time, is_display, campus_id
      )
    values (#{hotId,jdbcType=INTEGER}, #{displayName,jdbcType=VARCHAR}, #{searchTag,jdbcType=VARCHAR}, 
      #{createTime,jdbcType=BIGINT}, #{isDisplay,jdbcType=TINYINT}, #{campusId,jdbcType=INTEGER}
      )
  </insert>
  <insert id="insertSelective" parameterType="com.changyu.foryou.model.HotSearch" >
    insert into hot_search
    <trim prefix="(" suffix=")" suffixOverrides="," >
      <if test="hotId != null" >
        hot_id,
      </if>
      <if test="displayName != null" >
        display_name,
      </if>
      <if test="searchTag != null" >
        search_tag,
      </if>
      <if test="createTime != null" >
        create_time,
      </if>
      <if test="isDisplay != null" >
        is_display,
      </if>
      <if test="campusId != null" >
        campus_id,
      </if>
    </trim>
    <trim prefix="values (" suffix=")" suffixOverrides="," >
      <if test="hotId != null" >
        #{hotId,jdbcType=INTEGER},
      </if>
      <if test="displayName != null" >
        #{displayName,jdbcType=VARCHAR},
      </if>
      <if test="searchTag != null" >
        #{searchTag,jdbcType=VARCHAR},
      </if>
      <if test="createTime != null" >
        #{createTime,jdbcType=BIGINT},
      </if>
      <if test="isDisplay != null" >
        #{isDisplay,jdbcType=TINYINT},
      </if>
      <if test="campusId != null" >
        #{campusId,jdbcType=INTEGER},
      </if>
    </trim>
  </insert>
  <update id="updateByPrimaryKeySelective" parameterType="com.changyu.foryou.model.HotSearch" >
    update hot_search
    <set >
      <if test="displayName != null" >
        display_name = #{displayName,jdbcType=VARCHAR},
      </if>
      <if test="searchTag != null" >
        search_tag = #{searchTag,jdbcType=VARCHAR},
      </if>
      <if test="createTime != null" >
        create_time = #{createTime,jdbcType=BIGINT},
      </if>
      <if test="isDisplay != null" >
        is_display = #{isDisplay,jdbcType=TINYINT},
      </if>
      <if test="campusId != null" >
        campus_id = #{campusId,jdbcType=INTEGER},
      </if>
    </set>
    where hot_id = #{hotId,jdbcType=INTEGER}
  </update>
  <update id="updateByPrimaryKey" parameterType="com.changyu.foryou.model.HotSearch" >
    update hot_search
    set display_name = #{displayName,jdbcType=VARCHAR},
      search_tag = #{searchTag,jdbcType=VARCHAR},
      create_time = #{createTime,jdbcType=BIGINT},
      is_display = #{isDisplay,jdbcType=TINYINT},
      campus_id = #{campusId,jdbcType=INTEGER}
    where hot_id = #{hotId,jdbcType=INTEGER}
  </update>
  
  <!-- 获取热搜标签 -->
  <select id="getHotSearchs" resultMap="BaseResultMap" useCache="false">
     select
       search_tag,hot_id,display_name,is_display
     from hot_search
     where campus_id=#{campusId,jdbcType=INTEGER}
     order by create_time DESC
  </select>
  
  <update id="setNot2Display">
      update
         hot_search
      set
         is_display=0
      where hot_id=#{hotId,jdbcType=INTEGER}
  </update>
  
  <update id="set2Dispaly">
      update
         hot_search
      set
         is_display=1
      where hot_id=#{hotId,jdbcType=INTEGER}
  </update>
</mapper>