<?xml version="1.0" encoding="UTF-8" ?>
<!DOCTYPE mapper PUBLIC "-//mybatis.org//DTD Mapper 3.0//EN" "http://mybatis.org/dtd/mybatis-3-mapper.dtd" >
<mapper namespace="com.changyu.foryou.mapper.AppKeyMapper" >
  
  <resultMap id="BaseResultMap" type="com.changyu.foryou.model.AppKey" >
    <result column="key" property="key" jdbcType="VARCHAR" />
    <result column="secrect" property="secrect" jdbcType="VARCHAR" />
  </resultMap>
  <insert id="insert" parameterType="com.changyu.foryou.model.AppKey" >
    insert into key (key, secrect)
    values (#{key,jdbcType=VARCHAR}, #{secrect,jdbcType=VARCHAR})
  </insert>
  <insert id="insertSelective" parameterType="com.changyu.foryou.model.AppKey" >
    insert into key
    <trim prefix="(" suffix=")" suffixOverrides="," >
      <if test="key != null" >
        key,
      </if>
      <if test="secrect != null" >
        secrect,
      </if>
    </trim>
    <trim prefix="values (" suffix=")" suffixOverrides="," >
      <if test="key != null" >
        #{key,jdbcType=VARCHAR},
      </if>
      <if test="secrect != null" >
        #{secrect,jdbcType=VARCHAR},
      </if>
    </trim>
  </insert>
  
  <select id="SelectKey" resultType="String">
  	 select
  	   secrect
  	 from app_key
  	 where secrect=#{secrect,jdbcType=VARCHAR}
  </select>
</mapper>